Country Name,Country Code,Series Name,Series Code,1960 [YR1960],1961 [YR1961],1962 [YR1962],1963 [YR1963],1964 [YR1964],1965 [YR1965],1966 [YR1966],1967 [YR1967],1968 [YR1968],1969 [YR1969],1970 [YR1970],1971 [YR1971],1972 [YR1972],1973 [YR1973],1974 [YR1974],1975 [YR1975],1976 [YR1976],1977 [YR1977],1978 [YR1978],1979 [YR1979],1980 [YR1980],1981 [YR1981],1982 [YR1982],1983 [YR1983],1984 [YR1984],1985 [YR1985],1986 [YR1986],1987 [YR1987],1988 [YR1988],1989 [YR1989],1990 [YR1990],1991 [YR1991],1992 [YR1992],1993 [YR1993],1994 [YR1994],1995 [YR1995],1996 [YR1996],1997 [YR1997],1998 [YR1998],1999 [YR1999],2000 [YR2000],2001 [YR2001],2002 [YR2002],2003 [YR2003],2004 [YR2004],2005 [YR2005],2006 [YR2006],2007 [YR2007],2008 [YR2008],2009 [YR2009],2010 [YR2010],2011 [YR2011],2012 [YR2012],2013 [YR2013],2014 [YR2014],2015 [YR2015],2016 [YR2016],2017 [YR2017],2018 [YR2018],2019 [YR2019],2020 [YR2020]
Albania,ALB,GDP (current US$),NY.GDP.MKTP.CD,..,..,..,..,..,..,..,..,..,..,..,..,..,..,..,..,..,..,..,..,..,..,..,..,1857338011.85488,1897050133.42015,2097326250,2080796250,2051236250,2253090000,2028553750,1099559027.77778,652174990.837304,1185315468.46295,1880951520.3972,2392764853.42107,3199641335.93751,2258513974.0968,2545964540.88383,3212121650.97755,3480355258.04122,3922100793.5403,4348068242.19512,5611496257.14231,7184685781.51876,8052073539.38058,8896072918.9814,10677324144.4289,12881353507.8539,12044208085.864,11926922828.9911,12890764531.3284,12319830437.3467,12776220507.0162,13228147516.1168,11386850129.8411,11861199830.8396,13019689336.6919,15156432309.8977,15400242874.8812,14887629268.2927
Andorra,AND,GDP (current US$),NY.GDP.MKTP.CD,..,..,..,..,..,..,..,..,..,..,78619206.0850963,89409820.3592814,113408231.944085,150820102.798401,186558696.279204,220127246.376812,227281024.620741,254020153.340635,308008897.569444,411578334.159643,446416105.825017,388958731.302938,375895956.383462,327861832.946636,330070689.298282,346737964.774951,482000594.03588,611316399.407088,721425939.15155,795449332.396346,1029048481.88051,1106928582.86629,1210013651.87713,1007025755.00065,1017549124.33238,1178738991.19295,1223945356.62682,1180597272.72727,1211932397.81713,1239876305.13531,1429049198.45218,1546926174.49664,1755910031.99699,2361726862.30248,2894921777.99851,3159905484.39249,3456442102.622,3952600602.24473,4085630584.44412,3674409558.21061,3449966856.68832,3629203786.19154,3188808942.56713,3193704343.20627,3271808157.30038,2789870187.50693,2896679211.86628,3000180750.11297,3218316013.22626,3155065487.51819,..
American Samoa,ASM,GDP (current US$),NY.GDP.MKTP.CD,..,..,..,..,..,..,..,..,..,..,..,..,..,..,..,..,..,..,..,..,..,..,..,..,..,..,..,..,..,..,..,..,..,..,..,..,..,..,..,..,..,..,512000000,524000000,509000000,500000000,493000000,518000000,560000000,675000000,573000000,570000000,640000000,638000000,643000000,673000000,671000000,612000000,639000000,648000000,709000000
Argentina,ARG,GDP (current US$),NY.GDP.MKTP.CD,..,..,24450604877.6081,18272123664.4715,25605249381.7597,28344705966.6389,28630474727.9023,24256667553.2569,26436857247.4982,31256284543.6155,31584210365.5447,33293199095.4881,34733000536.2862,52544000116.9037,72436777342.4554,52438647921.9226,51169499890.7722,56781000100.9448,58082870156.2634,69252328953.3789,76961923741.9479,78676842366.4213,84307486836.724,103979106777.911,79092001998.032,88416668900.2596,110934442762.694,111106191358.197,126206817196.091,76636898036.4712,141352368714.691,189719984268.485,228788617201.696,236741715015.015,257440000000,258031750000,272149750000,292859000000,298948250000,283523000000,284203750000,268696750000,97724004251.8602,127586973492.177,164657930452.787,198737095012.282,232557260817.308,287530508430.568,361558037110.419,332976484577.619,423627422092.49,530163281574.658,545982375701.128,552025140252.246,526319673731.638,594749285413.212,557531376217.967,643628665302.155,524819742918.669,451932356085.842,389288056265.325
Armenia,ARM,GDP (current US$),NY.GDP.MKTP.CD,..,..,..,..,..,..,..,..,..,..,..,..,..,..,..,..,..,..,..,..,..,..,..,..,..,..,..,..,..,..,2256838857.60997,2069870129.87013,1272835453.42634,1201312829.27524,1315158636.67553,1468317435.20148,1596968946.23708,1639492444.76152,1893726437.26462,1845482173.02732,1911563668.85006,2118467913.37873,2376335048.39976,2807061008.69084,3576615240.41616,4900469950.09033,6384451606.1421,9206301700.39619,11662040713.8753,8647936747.98704,9260284937.79781,10142111334.4961,10619320048.5857,11121465767.4067,11609512939.7542,10553337672.9872,10546135160.031,11527458565.7334,12457941907.0333,13619291361.2814,12641209802.112
Austria,AUT,GDP (current US$),NY.GDP.MKTP.CD,6592693841.18495,7311749633.36229,7756110210.11966,8374175257.73075,9169983885.71185,9994070615.85997,10887682273.1014,11579431668.9165,12440625312.8685,13582798556.2404,15373005557.0257,17858486066.7474,22059612476.9332,29515467706.796,35189299911.6608,40059206763.056,42959976221.5234,51545758887.6863,62052259073.2493,73937296963.4586,82058912997.2346,71034228443.062,71275287569.5733,72121016546.6524,67985344886.8716,69386774408.0872,99036164939.1618,124168442533.74,133339397080.129,133105805512.22,166463386179.354,173794177961.108,195078126721.763,190379720809.18,203535242741.838,241038283062.645,237250948791.266,212790348404.555,218259904401.956,217185787342.851,196799778883.361,197337879194.631,213377771503.858,261695778781.038,300904221504.842,315974418604.651,335998557270.104,388691445387.353,430294287388.311,400172297860.517,391892746544.69,431120310088.82,409425234155.263,430068712971.867,441996131736.508,381817565893.574,395568644341.038,416230497429.163,454945881027.378,445011872704.47,433258467676.515
Australia,AUS,GDP (current US$),NY.GDP.MKTP.CD,18606786874.23,19683055213.3498,19922723709.262,21539926083.548,23801097547.3177,25977153096.6514,27309889125.322,30444618658.3044,32716989584.4999,36686079068.2047,41337215813.6409,45222309329.1522,52051401869.1589,63844971172.3254,88981577008.1061,97333060221.2208,105101474851.885,110387703601.744,118535980148.883,134941497216.858,150032311977.716,176953442470.684,194104601125.455,177333645297.146,193593551892.773,180573751629.976,182368494683.828,189400476442.562,236065919674.04,299767934207.312,311326664101.578,325902990346.127,325480273782.973,312126194491.287,322807333102.733,367915800415.8,401089529590.288,435323994365.315,399404463135.047,389098884572.001,415576210513.094,379083932596.329,395342716617.832,467390797903.32,614166310997.297,695075176665.163,747556154537.287,853955405511.502,1055127126230.98,928042998085.702,1147589183475.73,1397907916789.9,1546508558465.66,1576335282651.07,1467504819608.92,1350534154255.76,1206685107002.47,1326882872011.46,1428529571351.06,1391952510370.48,1327836171068.51
Azerbaijan,AZE,GDP (current US$),NY.GDP.MKTP.CD,..,..,..,..,..,..,..,..,..,..,..,..,..,..,..,..,..,..,..,..,..,..,..,..,..,..,..,..,..,..,..,..,446305555.555556,1570000000,1193312101.91083,2417355840.03625,3176333837.03359,3962238113.16021,4446368570.6901,4581432038.83495,5272798390.70183,5707720390.8515,6235856819.58445,7276753894.71541,8680370408.05943,13245716099.0057,20982986344.3027,33050343782.7759,48852482960.0779,44291490420.5026,52909294791.9262,65951627200.2026,69683935845.2139,74164435946.4627,75244294275.1498,53074370486.0433,37867518957.1975,40865558912.3867,47112941176.4706,48174235294.1176,42607176470.5882
Belarus,BLR,GDP (current US$),NY.GDP.MKTP.CD,..,..,..,..,..,..,..,..,..,..,..,..,..,..,..,..,..,..,..,..,..,..,..,..,..,..,..,..,..,..,21650000000,..,..,..,17793000000,13489222222.2222,14756846153.8462,14108846153.8462,15264369565.2174,12152867469.8795,12738912133.8912,12354820143.8849,14594249022.8922,17827791321.3067,23144351851.8519,30207567316.6202,36954312354.3124,45277399813.6067,60763483146.0674,50874078052.2735,57222490768.7143,61757788944.7236,65685102554.8759,75527984234.2342,78813839984.3506,56454734396.5842,47722657820.6675,54726595249.1849,60031262269.3365,64409647193.8044,60258239055.5829
Belgium,BEL,GDP (current US$),NY.GDP.MKTP.CD,11658722590.99,12400145221.595,13264015675.3193,14260017387.0492,15960106680.6732,17371457607.9374,18651883472.4808,19992040788.4593,21376353113.475,23710735894.7022,26706196046.7931,29821661869.912,37209418018.5134,47743801490.3747,56033077879.0389,65678189097.2908,71113882967.6071,82839905458.6382,101246526194.441,116315456796.918,126829314388.191,104730018470.23,92095926187.5331,87184239053.2544,83349530159.1734,86268264148.3796,120018787249.413,149394404105.889,162299103675.261,164221056511.057,205331747947.851,210510999409.333,234781652446.675,224721795708.955,244884129491.198,288025588396.278,279201433224.756,252708051420.839,258528339631.029,258158533986.789,236204532891.1,236541297539.15,257157820440.429,317381715575.621,368537000248.324,385570948886.954,407918078032.869,470324254037.777,515223524241.98,481345929424.84,480951629493.033,522645519183.591,496181260258.3,521642714407.843,534678075827.361,462149679343.822,475739588764.759,501522868356.441,543008499294.079,535288715239.999,521861292586.616
Bolivia,BOL,GDP (current US$),NY.GDP.MKTP.CD,373879363.595386,406684585.719294,444665186.397102,478805990.083307,539491477.320156,604377104.377104,669191919.191919,755808080.808081,857912457.912458,929629629.62963,1017003367.00337,1095622895.6229,1257615644.97932,1262968515.74213,2100249875.06247,2404697651.17441,2731984007.996,3227436281.85907,3758220889.55522,4421343606.18135,4526916802.61011,5872756933.11582,5587490264.8127,5422440961.87886,6169501037.97622,5377277406.71638,3958338883.22338,4323623622.1622,4597615562.66594,4715978868.21613,4867582620.20708,5343274311.56789,5643893347.00679,5734676560.92471,5981244886.917,6715220507.05164,7396966657.47054,7925673448.41368,8497545598.08352,8285075872.27307,8397912509.09679,8141537937.61068,7905485216.17852,8082364868.39357,8773451738.91129,9549077869.10651,11451869164.7112,13120183156.7149,16674324634.2373,17339992165.2422,19649631314.0482,23963033430.5954,27084497482.8616,30659338880.3786,32996188012.6821,33000198248.3362,33941126200.0606,37508642165.3366,40287647930.4761,40895322843.7851,36572764862.8234
Bosnia and Herzegovina,BIH,GDP (current US$),NY.GDP.MKTP.CD,..,..,..,..,..,..,..,..,..,..,..,..,..,..,..,..,..,..,..,..,..,..,..,..,..,..,..,..,..,..,..,..,..,..,1255802469.1358,1866572953.73665,2786045321.63743,3671816504.23851,4116699437.4041,4685733115.46841,5567405599.31206,5800774717.40538,6728771313.86805,8498560902.29181,10157553968.1525,11222953335.3385,12864610862.5901,15778767410.8109,19112739397.886,17613836526.6393,17176781045.5967,18644723853.5807,17221192466.1918,18172335776.3301,18560861388.6402,16219819017.3607,16914287348.9819,18079075770.6713,20177409351.4329,20201323260.0733,19946496562.9733
Brazil,BRA,GDP (current US$),NY.GDP.MKTP.CD,..,17275940449.3837,19231747851.5332,23287712878.2002,20963733694.9749,22465522884.0988,28283323733.1114,31086389194.961,33930457425.2613,37171640818.5863,42327664793.6934,48869830901.7878,58434858374.8696,83592275862.9982,109794519727.538,129203555238.827,153168949208.207,176344101401.941,200278646123.581,221338204480.222,237393489892.637,258015174748.648,271314113768.417,189656506321.431,188339974086.58,210879841322.306,256480855343.617,283056833878.212,308333568571.493,347028139590.227,390725626002.866,342609227209.645,328187944300.908,368295777770.079,525369851353.742,769333330368.987,850426433004.077,883206452795.124,863711007325.493,599642075004.471,655448188259.351,559983704094.17,509795270685.19,558233724164.711,669289321944.516,891633826603.377,1107626711406.63,1397114247331.17,1695855391810.9,1666996294372.87,2208838108577.09,2616156606666.62,2465228293894.01,2472819362216.69,2456043766028.73,1802211999538.68,1795693265810.23,2063514688761.98,1916933708381.89,1877824273720.78,1444733258971.65
Bulgaria,BGR,GDP (current US$),NY.GDP.MKTP.CD,..,..,..,..,..,..,..,..,..,..,..,..,..,..,..,..,..,..,..,..,19839230769.2308,19870000000,19342000000,16563666666.6667,17594944444.4444,17155421052.6316,20249294117.6471,28101000000,22555941176.4706,21988444444.4444,20632090909.0909,10943548387.0968,10350515463.9175,10829710144.9275,9697416974.16974,18983303571.4286,12294221472.7375,11315986087.1633,15030695296.5235,13627323284.5405,13245833843.5454,14183497963.1071,16402846413.0958,21144983551.6823,26157894736.8421,29869283400.0381,34379808888.6039,44405101469.5591,54438966419.8639,52023504656.2878,50682061053.2016,57678241023.818,54300857424.4415,55810138436.4821,57082011260.3446,50781996712.7635,53953897624.4344,59199447421.4924,66363422450.2112,68915416141.9576,69889347433.4324
Canada,CAN,GDP (current US$),NY.GDP.MKTP.CD,40461721692.6468,40934952063.9468,42227447631.9159,45029988561.2124,49377522896.703,54515179580.7148,61088384036.6515,65668655501.1254,71829810519.8955,79148411661.6902,87896095320.1263,99271961774.6088,113082820486.918,131321858814.119,160408697341.513,173834029689.343,206575564908.722,211612157028.679,218632867537.477,243072102612.259,273853826548.067,306214863624.99,313506525087.136,340547711781.889,355372558103.621,364756499450.751,377437927311.983,431316742081.448,507354351182.254,565055743243.243,593929550908.468,610328183643.188,592387689252.916,577170761956.438,578139279437.61,604031623433.401,628546387972.131,654986999855.554,634000000000,678412196271.118,744773415931.587,738981792355.372,760649334098.005,895540646634.787,1026690238278.25,1173108598778.68,1319264809590.97,1468820407783.26,1552989690721.65,1374625142157.29,1617343367486.26,1793326630174.52,1828366481521.6,1846597421834.98,1805749878439.94,1556508816217.14,1527994741907.43,1649265644244.09,1725329192783.02,1742015045482.31,1645423407568.36
Chile,CHL,GDP (current US$),NY.GDP.MKTP.CD,4110000000,4609727272.72727,5416272727.27273,5668187500,5982347826.08696,6026593750,7072641025.64103,7013196078.43137,7167086956.52174,8377093023.25581,9126309734.51328,10884114754.0984,11853817307.6923,16836261173.1844,16210404183.5358,7622217352.34216,10341925249.0421,13962893421.5413,15989933708.1491,21803696985.2349,29036709871.7949,34509878043.5897,25325893205.657,20355959237.2128,19622527479.6913,17702885393.5099,18891048818.7425,22255407684.6999,26040229793.0697,29885685142.9107,33113887817.9731,37834793730.3133,45964327558.8836,49297773130.1185,57008425295.8256,73447063319.3034,78039572221.6024,84952360922.4958,81577430181.4602,75173794497.0494,77860932151.9302,70979923960.3422,69736811435.1319,75643459839.5605,99210392857.6283,122964812046.139,154788024805.865,173605968179.267,179638496278.497,172389498444.68,218537551220.123,252251992029.518,267122320056.772,278384332694.3,260541637327.855,243919079437.422,250440149690.846,277034675515.684,297571693064.193,279385487344.492,252940023046.007
China,CHN,GDP (current US$),NY.GDP.MKTP.CD,59716467625.3148,50056868957.6732,47209359005.6057,50706799902.5104,59708343488.5043,70436266146.7219,76720285969.6157,72881631326.6715,70846535055.6503,79705906247.4612,92602973434.0726,99800958648.1436,113687586299.051,138544284708.957,144182133387.722,163431551779.761,153940455341.506,174938098826.569,149540752829.268,178280594413.043,191149211575,195866382432.54,205089699858.779,230686747153.257,259946510957.143,309488028132.653,300758100107.246,272972974764.574,312353631207.819,347768051311.741,360857912565.966,383373318083.624,426915712715.856,444731282435.515,564324670008.238,734547898224.101,863746717507.397,961603952954.233,1029043097558.91,1093997267277.1,1211346869600.41,1339395718862.89,1470550015077.93,1660287965663.89,1955347004965.69,2285965892364.2,2752131773358.92,3550342737009.53,4594307032667.98,5101703073088.97,6087163874510.73,7551500124197.17,8532229986993.65,9570406235659.64,10475682920597.7,11061553079871.5,11233276536744.7,12310409370894.2,13894817549380.3,14279937467431,14722730697890.1
Colombia,COL,GDP (current US$),NY.GDP.MKTP.CD,4031152976.63904,4540447761.19403,4955543963.36869,4836166666.66667,5973366666.66667,5760761904.7619,5428518518.51852,5825170438.48704,5960212869.12968,6450175213.74923,7198360460.19887,7820380970.53674,8671358732.68486,10315760000.3394,12370029583.6419,13098633901.8673,15341403660.4698,19470960619.1297,23263511958.0509,27940411250.2732,33400735644.0481,36388366869.0309,38968039721.748,38729822781.5997,38253120737.9671,34894411351.983,34942489683.9712,36373307085.0887,39212550050.4223,39540080200.3938,47844090709.9908,49175565911.0655,58418985443.3172,66446804802.5747,81703500846.0364,92507279383.0387,97160109277.8087,106659508271.255,98443739941.1664,86186158684.7685,99886577330.7271,98211749595.5442,97963003804.7851,94641378693.223,117081522349.677,145619191582.062,161618581266.316,206181826825.281,242186950900.775,232397835678.336,286563105192.457,334943871931.746,370921320483.842,382116126448.555,381112119657.446,293481748240.779,282825009887.458,311883730690.129,334198214706.209,323429888934.257,271437596293.843
Croatia,HRV,GDP (current US$),NY.GDP.MKTP.CD,..,..,..,..,..,..,..,..,..,..,..,..,..,..,..,..,..,..,..,..,..,..,..,..,..,..,..,..,..,..,..,..,..,..,..,22717081924.7143,24075166261.3779,24091170702.5562,25792876643.5087,23677307509.4663,21839780971.0268,23273640257.1968,27074550257.8118,34985749883.4171,41958833541.0995,45780237257.1867,50860788253.2176,60542673502.5324,70750646248.0563,63084004705.0807,60426018629.2992,63169910822.1285,57192346923.335,58889082315.336,58330289756.6914,50163192883.1515,52295158344.2544,56214427431.2,62247874948.8225,62246206340.5469,57203783203.0259
Cyprus,CYP,GDP (current US$),NY.GDP.MKTP.CD,..,..,..,..,..,..,..,..,..,..,..,..,..,..,..,489914760.682807,576090073.715036,734887973.975806,964026512.197839,1288715209.58084,2154311276.94859,2087496373.77964,2159242416.76942,2160364071.19021,2278248953.14058,2430411900.19194,3090734463.27684,3704813885.50548,4278792597.23965,4563482603.5503,5591130217.66965,5770197348.48485,6912150456.32334,6590291048.29211,7425703928.57143,9933133247.08926,10011918444.1656,9547818700.11403,10248617647.0588,10497908306.3646,9985844486.33365,10397897085.6102,11420227884.6154,14547325028.3126,17320552500,18433411267.2553,20072786350.5206,23968764029.5647,27844698989.3072,25945391775.4932,25732432719.0773,27565469097.9955,24978513426.6992,23900872625.8467,23156850006.6427,19842404304.8929,20953442550.3653,22870833709.8961,25522671232.8767,25758357774.5438,24612646487.7213
Czech Republic,CZE,GDP (current US$),NY.GDP.MKTP.CD,..,..,..,..,..,..,..,..,..,..,..,..,..,..,..,..,..,..,..,..,..,..,..,..,..,..,..,..,..,..,40728950704.6176,29859921158.8696,34805013229.572,40866748705.1075,47850203856.1751,60147174076.8651,67387788632.9812,62180159376.1239,66807429711.411,65173130995.2212,61828166496.0941,67808032979.5429,82196001050.7474,100090467581.268,119814434353.575,137143471328.274,156264095664.643,190183800884.018,236816485762.988,207434296805.33,209069940963.177,229562733398.948,208857719320.649,211685616592.931,209358834156.329,188033050459.881,196272068576.338,218628940951.675,248950103352.137,252498032247.163,245339322066.759
Denmark,DNK,GDP (current US$),NY.GDP.MKTP.CD,..,..,..,..,..,..,11931739858.7046,13059064374.6287,13505573866.6667,15414902266.6667,17075457600,19085731252.4407,23232379951.9376,30730626663.3606,34160444798.1099,40474406216.2821,44575892473.1183,49784338519.4563,60362931853.6249,70366241969.2074,71127528699.9414,61877813965.2413,60412844678.604,60644782176.0525,59105236853.7937,62658568287.3429,88078760103.8191,109414423928.775,115552846616.653,112409222182.704,138247285815.855,139224688814.195,152915654478.885,143195627014.605,156162386724.523,185006881515.065,187632346387.984,173537647058.824,176991934992.837,177965188354.692,164158739097.623,164791442543.375,178635163717.431,218096033517.009,251373002954.382,264467336457.17,282884947702.966,319423424509.066,353361038818.383,321241303699.006,321995279401.502,344003137611.271,327148943812.137,343584391647.927,352993631617.708,302673070846.857,313115929314.339,332121063806.391,356841216410.068,347561349210.979,356084867685.639
Ecuador,ECU,GDP (current US$),NY.GDP.MKTP.CD,2069465326.41882,1753850416.70826,1518208221.23052,1824344492.07169,2244146867.90195,2387048255.45173,2429309513.80854,2553596091.82258,2582180794.1855,3112166848.3004,2862504169.99893,2754220263.02528,3185987234.84089,3891755551.94138,6599259420.99605,7731677256.80982,9091924304.83477,11026346589.5011,11922502170.6405,14175166007.5774,17881514682.8784,21810767209.3695,19929853574.6095,17152483214.3536,16912515183.2783,17149094589.9827,15314143988.0621,13945431882.2271,13051886552.3377,13890828707.6493,15239278100.3502,16988535267.6338,18094238119.0595,18938717358.6793,22708673336.6683,24432884442.2211,25226393196.5983,28162053026.5133,27981896948.4742,19645272636.3182,18327764882.4412,24468324000,28548945000,32432858000,36591661000,41507085000,46802044000,51007777000,61762635000,62519686000,69555367000,79276664000,87924544000,95129659000,101726331000,99290381000,99937696000,104295862000,107562008000,108108009000,98808010000
Eritrea,ERI,GDP (current US$),NY.GDP.MKTP.CD,..,..,..,..,..,..,..,..,..,..,..,..,..,..,..,..,..,..,..,..,..,..,..,..,..,..,..,..,..,..,..,..,477101651.648376,467872714.755603,531688311.688312,578015625,693535954.190067,686490090.140141,745526154.93283,688921325.712043,706370815.584416,752368495.512622,729321366.651861,870247703.182758,1109054005.43971,1098425900.74116,1211161879.6748,1317974491.05691,1380188800,1856695551.21951,1589515447.15447,2065001626.01626,..,..,..,..,..,..,..,..,..
Estonia,EST,GDP (current US$),NY.GDP.MKTP.CD,..,..,..,..,..,..,..,..,..,..,..,..,..,..,..,..,..,..,..,..,..,..,..,..,..,..,..,..,..,..,..,..,..,..,..,4502970889.06373,4786018988.16491,5154420649.23354,5674080542.88575,5756912265.75809,5686579747.53524,6254649538.98487,7367975887.72723,9874013098.46432,12145911801.2422,14106790200.2239,17022870405.2189,22449129482.617,24341678628.9732,19633031397.6104,19523477325.6235,23183616045.5168,23020466784.6112,25108615091.9884,26598657880.5486,22881558191.8523,24056487770.898,26857880621.935,30474612057.4484,31045591753.4901,30650285471.7215
Finland,FIN,GDP (current US$),NY.GDP.MKTP.CD,5224102195.52771,5921659485.03284,6340580854.39073,6885920328.66187,7766655085.78588,8589340019.02985,9208524504.87684,9368954010.3132,8823033880.32993,10070766720.5011,11357516987.5425,12527405512.9298,14743186119.8738,19472363466.6252,24848821490.4679,29472623242.2822,31849513771.3494,33499799321.2336,36256160288.8087,44465255686.1548,53645202422.6968,52448332874.07,52797582336.2526,50973526900.0854,52888800949.7428,55875863392.1719,73531550551.255,91594751792.2359,109058990760.483,119012054870.445,141438345513.917,127773856785.767,112532519246.084,89214114708.0254,103299943084.804,134189814814.815,132129174216.93,126912152101.707,134038718291.055,135218410398.466,125706651925.557,129421029082.774,139738377564.465,171274266365.688,197116960516.514,204809103345.355,216907539831.891,256052559540.104,284553976856.599,252496526813.004,249181190476.369,275243697751.011,258304834621.605,271285280621.373,274497230802.958,234440080998.273,240607907010.383,255016517537.983,275580448365.235,268508200125.49,269594831987.549
France,FRA,GDP (current US$),NY.GDP.MKTP.CD,62225478000.8822,67461644222.0352,75607529809.9288,84759195105.8693,94007851047.3678,101537248148.427,110045852177.928,118972977486.207,129785441507.456,141903068680.309,148456359985.827,165966615366.402,203494148244.473,264429876252.21,285552373158.756,360832186018.051,372319038514.067,410279486493.715,506707848837.209,613953129818.07,701288419745.421,615552202776.101,584877732308.614,559869179791.72,530683779929.445,553138414367.061,771470783218.108,934173305685.911,1018847043277.17,1025211803413.53,1269179616913.63,1269276828275.78,1401465923172.24,1322815612694,1393982750472.59,1601094756209.75,1605675086549.56,1452884917959.09,1503108739159.44,1492647560196.04,1362248940482.77,1376465324384.79,1494286655373.61,1840480812641.08,2115742488204.62,2196126103718.44,2318593651988.46,2657213249384.07,2918382891460.38,2690222283967.77,2642609548930.36,2861408170264.6,2683825225092.63,2811077725703.59,2852165760630.27,2438207896251.84,2471285607081.72,2588740901639.81,2789593979064.58,2728870246705.88,2630317731455.26
Georgia,GEO,GDP (current US$),NY.GDP.MKTP.CD,..,..,..,..,..,..,..,..,..,..,..,..,..,..,..,..,..,..,..,..,..,..,..,..,..,..,..,..,..,..,7753540783.62452,..,..,2688016393.44262,2514070771.80273,2693768412.89179,3095047603.8083,3510520231.21387,3613541516.765,2800049394.91232,3057475335.18846,3219488663.77231,3395728013.84524,3991284895.37214,5125365191.98664,6410823633.25426,7745394293.41721,10172882370.5477,12795076469.0099,10766836276.5639,12243505582.6741,15107441446.7833,16488403076.3641,17189551520.9811,17627003454.7205,14953950557.4406,15141758566.7808,16242916915.7203,17599700090.762,17477255562.2583,15846489610.8073
Germany,DEU,GDP (current US$),NY.GDP.MKTP.CD,..,..,..,..,..,..,..,..,..,..,215838448137.658,249985055484.303,299801542047.476,398374021953.897,445303484241.554,490636517211.225,519754453161.411,600498238019.035,740469983446.933,881345176608.686,950290856466.538,800472055387.278,776576439106.956,770684323247.798,725111123634.115,732534887058.198,1046259374943.71,1298176105549.51,1401233225303.49,1398967436804.33,1771671206875.68,1868945197407.19,2131571696931.75,2071323790370.28,2205074123177.05,2585792275146.72,2497244606186.64,2211989623279.95,2238990774702.68,2194204133816.32,1943145384190.16,1944107382550.34,2068624129493.69,2496128668171.56,2809187981127.39,2845802760850.64,2992196713084.93,3421229126745.14,3730027830672.33,3397791053070.3,3396354075663.73,3744408602683.94,3527344944139.83,3732743446218.92,3883920155292.26,3356235704119.75,3467498002104.33,3681732583768.5,3975347237442.99,3888326788627.44,3846413928653.71
Ghana,GHA,GDP (current US$),NY.GDP.MKTP.CD,1217230038.26781,1302674264.19915,1382515590.06942,1540797516.79469,1731296118.87113,2053462872.38275,2126300573.17668,1747187539.20717,1666910166.289,1962051319.26134,2215029450.3805,2417107708.25317,2112292944.64142,2465492957.74648,2894409937.8882,2810106382.97872,2765254237.28814,3189428571.42857,3662478184.99127,4020227920.22792,4445228215.76763,4222441614.97432,4035994397.7591,4057275042.82903,4412279843.44423,4504342149.43471,5727602644.71472,5074829931.97279,5197840979.13416,5251764264.26802,5889174825.487,6596546195.65217,6413901601.83066,5966255778.12018,5444560669.45607,6465137614.6789,6934984709.48012,6891308593.75,7480968858.13149,7719354838.70968,4983024408.14828,5314909953.92992,6166330136.2948,7632406552.83803,8881368538.07671,10744675209.8984,20440893017.1566,24827844949.6033,28678701891.0957,26048108185.0534,32197272797.2028,39337314809.9434,41270954737.2459,62823043706.4702,54782847752.5375,49406568432.6711,56165172898.8695,60406382898.5174,67299280679.563,68337537815.7703,68532281805.6722
Greece,GRC,GDP (current US$),NY.GDP.MKTP.CD,4335186016.83942,4961400439.31722,5213047711.42704,5895278024.09202,6669673257.1183,7689154053.35866,8591517943.60129,9275600800.35644,10090675902.5364,11615657031.2387,13139863636.3636,14591750000,16885511363.6364,22347848101.2658,25351306818.1818,28525876726.8863,31152835820.8955,36176234967.6226,44270204081.6327,54481876724.931,56829664268.5851,52346506765.0676,54617989795.9184,49428873839.0093,48020024183.7969,47820851221.3175,56379593476.1441,65652750377.4535,76261277924.5736,79169043222.8284,97891092003.4394,105143232379.884,116224672863.783,108809059155.767,116601801966.292,136878365936.167,145861612400.906,143157600149.757,144428172489.335,142540728744.939,130133845586.88,136191353914.989,153830946734.425,201924269751.693,240521261484.976,247783002114.165,273317736795.885,318497937311.799,354460802695.181,330000251458.739,296835346570.223,282625610892.477,242043151399.458,238839788899.338,235144949470.797,195604846736.019,193017030649.7,199350781053.185,211945897765.431,205144152830.847,188835201625.91
Haiti,HTI,GDP (current US$),NY.GDP.MKTP.CD,273187200,271066000,281896800,294883400,325281200,353251800,368948600,369124200,367968800,391820400,331200000,362800000,372000000,466800000,565400000,681400000,879000000,947000000,974200000,1080600000,1383800000,1479400000,1474200000,1623600000,1816200000,2009400000,2318000000,2047200000,2613926800,2736243800,3096289800,3473540601.82161,2257121668.19352,1878248741.04949,2167564194.7342,2813313278.81082,2907514522.92503,3338938830.01743,3723909226.86781,4153736347.44223,6813577558.17628,6331961555.40914,6058134466.75258,4826827577.08641,6036959914.72398,7184064657.2953,7518107786.51149,9522763153.81366,10485225353.1801,11597014807.3496,11859315078.7902,13008754110.8113,13708926466.2732,14902474090.615,15139264670.4225,14833154471.7456,13987693738.923,15035560372.6443,16455034352.7671,14785839382.9002,14508218017.4032
"Hong Kong SAR, China",HKG,GDP (current US$),NY.GDP.MKTP.CD,1320796651.69457,1383681651.13776,1612346412.26475,1935298266.45384,2206466461.26434,2435078534.03141,2489845016.64894,2692474989.12571,2716964388.42418,3189740055.13982,3800766535.62088,4476001946.01486,5710107420.14394,8030117555.62033,9388663645.7588,10048022369.9141,12876366008.8077,15719433719.4337,18315007365.9713,22526035940.5921,28861759209.0191,31055409443.043,32291306281.8168,29907091339.5364,33511383985.6741,35699543050.7778,41075570591.9291,50622571586.1149,59707404560.5944,68790369107.2962,76928290841.8701,88959620135.8864,104272278634.731,120353947980.764,135812069768.646,144652912433.103,159717233621.659,177352785419.977,168886163221.567,165768095391.557,171668164082.555,169403241524.337,166349228737.386,161384522525.299,169099768875.193,181570082162.19,193536265094.364,211597405593.868,219279678430.164,214046415026.187,228637697575.04,248513617677.287,262629441493.476,275696879834.966,291459356985.337,309383627028.561,320837638328.846,341244161576.759,361691522612.745,363016373358.517,346585881503.635
Hungary,HUN,GDP (current US$),NY.GDP.MKTP.CD,..,..,..,..,..,..,..,..,..,..,..,..,..,..,..,..,..,..,..,..,..,..,..,..,..,..,..,..,..,..,..,34753569692.915,38730585922.2189,40124916940.5945,43166678735.2183,46425677734.1435,46658755151.6017,47296952928.7561,48706787306.2574,49073380173.7159,47218405892.4258,53749989092.0197,67608919144.3684,85302003908.042,104141042625.791,113236711635.539,115751266695.185,140227560615.121,158374419641.016,131114229049.178,132231134158.608,141999960209.893,128857370476.631,135732595721.853,141078984816.675,125210324613.14,128636108315.474,143136245596.988,160586833778.457,163526491433.29,155808436238.487
Iceland,ISL,GDP (current US$),NY.GDP.MKTP.CD,248434096.968726,253885656.329253,284916516.159537,340061650.119898,434267936.914583,523694949.370689,628893310.399926,621225962.154708,474399471.622359,414709311.35296,526704545.454545,670251136.363636,839652164.06073,1154440252.96794,1515190595.29765,1406875081.32726,1669488389.96542,2208509076.28099,2511826196.009,2853435053.88542,3381419042.85476,3492997010.04956,3206626563.57527,2765950295.45784,2864441355.85306,2984052332.4588,3989622714.9537,5520318352.93144,6106635769.74938,5672569396.47767,6468736286.92707,6909730237.31997,7080981668.54633,6218581472.47468,6389460285.59828,7123633356.36565,7426081278.19549,7569666973.65322,8503693098.62271,8982047589.4895,9025660361.75842,8234846804.60582,9318395054.85934,11429333037.8443,13825302535.7699,16852963067.0496,17465318552.2941,21652505596.7528,18074622987.0185,13154414219.207,13751161917.7398,15221622925.9319,14751508133.5443,16125060515.3117,17867662177.8911,17517210519.0912,20793168030.9524,24728285177.4603,26267063757.5495,24857740445.0401,21718075725.2054
India,IND,GDP (current US$),NY.GDP.MKTP.CD,37029883875.4573,39232435784.0946,42161481858.7014,48421923458.7413,56480289940.8261,59554854574.7942,45865462033.91,50134942203.4467,53085455870.8227,58447995016.8493,62422483054.5173,67350988020.9041,71463193830.4064,85515269585.522,99525899115.7756,98472796457.114,102717164465.894,121487322474.298,137300295308.038,152991653792.864,186325345089.754,193490610032.1,200715145360.918,218262273410.099,212158234164.06,232511877842.041,248985994044.2,279033584092.159,296588994812.059,296042354986.126,320979026419.633,270105341879.226,288208430383.964,279296022987.919,327275583539.559,360281952716.797,392897054348.071,415867753863.874,421351477504.743,458820417337.807,468394937262.37,485441014538.638,514937948870.08,607699285433.872,709148514804.659,820381595512.902,940259888792.141,1216735441524.86,1198895582137.51,1341886602798.69,1675615335600.56,1823049927771.46,1827637859135.7,1856722121394.53,2039127446298.55,2103587813812.75,2294797980509.01,2651472946374.91,2701111782775.03,2870504096717.77,2660245248867.63
"Iran, Islamic Rep.",IRN,GDP (current US$),NY.GDP.MKTP.CD,4199134389.9037,4426949094.8403,4693566416.48346,4928628018.38759,5379845647.70139,6197319929.04038,6789938671.75094,7555383690.16,8623172959.89803,9743089607.49587,10976245153.5894,13731801564.0908,17153463263.1086,27081698249.5083,46209092072.1383,51776222349.8869,68055295080.7538,80600122701.9632,77994316621.4814,90391877325.9285,94362275580.0229,100499312749.923,125948756439.485,156365156618.241,162276728619.519,180183629599.684,209094561833.48,134009995923.169,123057861333.908,120496362916.271,124813263926.225,..,..,63743623232.012,71841461172.5964,96419225743.6737,120403931885.441,113919163421.155,110276913362.508,113848450088.351,109591707802.216,126878750295.944,128626917503.72,153544751395.43,190043433964.841,226452138291.542,266298911661.144,349881601458.56,412336172446.849,416397025729.361,486807615326.147,580764902917.439,598868460912.847,460293149324.326,432687036177.818,384951479697.42,417983583565.54,445345256459.105,294356680624.658,258245497664.394,203471303952.344
Ireland,IRL,GDP (current US$),NY.GDP.MKTP.CD,1939329775.43739,2088012282.35667,2260349684.08625,2430843768.44553,2766608945.87402,2945704142.99765,3104034393.23162,3343636773.36759,3278584478.33023,3787077343.72783,4395995085.99509,5098250287.46646,6318060582.21873,7481173065.79201,7896860614.98803,9483808362.36934,9453756014.71837,11248340431.3779,14647996073.6937,18319334300.4513,21747855640.0712,20670190138.1671,21474752962.2178,20766047763.5314,20106648454.8404,21270013325.5601,28714571852.4799,33920518492.5094,37772896220.7559,39238392677.7542,49305632408.4929,49787501584.4847,55918538121.3989,52417477613.676,57097656065.96,69139823232.3232,75790786290.3226,82856648758.3572,90199410115.5097,98860565736.2029,99958806891.4686,109252057270.694,127985972143.798,164307961625.282,194015335237.149,211797991543.34,231986253920.462,269736375581.714,274326912260.144,235509465129.203,221659742984.75,238662833333.918,225509709550.982,238211547205.677,258625192663.58,291462799328.949,298725229419.215,334602299873.029,384853685231.018,399122063504.148,425888950992.003
Israel,ISR,GDP (current US$),NY.GDP.MKTP.CD,2598500000,3138500000,2510000000,2992333333.33333,3405333333.33333,3663333333.33333,3980000000,4030000000,4619000000,5329333333.33333,..,..,..,..,..,..,..,..,..,..,..,..,..,..,..,..,..,..,..,..,..,..,..,..,..,100605702520.506,110180666416.017,114753492201.542,115999082655.72,117166318090.683,132455662080.298,130816321183.156,121148475241.673,127046633802.508,135571348058.902,142657069099.984,154145495309.484,179161786957.474,216711549609.81,207953439208.606,234654589559.973,262293871093.061,258417104163.53,294167366504.266,310944937638.436,300078278118.434,319024417316.889,355277223507.485,373641241440.789,397934596952.56,407100736594.064
Jamaica,JAM,GDP (current US$),NY.GDP.MKTP.CD,699050678.98642,748028839.423211,777712445.751085,826690466.190676,897931401.371973,972140557.188856,1096738065.2387,1148025407.34604,1083883355.33421,1191287651.50606,1404776071.04284,1539865513.92891,1875048859.93485,1905917553.19149,2375096249.03751,2860411285.88714,2966010229.8977,3249697393.02607,2644449232.29321,2425033998.18676,2679409453.23903,2979061412.37229,3293533288.42483,3619294120.69144,2373566957.49214,2100223149.71396,2754566176.20212,3286987551.71597,3828310734.97795,4404970058.83786,4592224067.37194,4106199176.28901,3535460089.80719,5440064773.17365,5452564385.43307,6577523824.70029,7393883554.77969,8400033893.99653,8787195622.43502,8887061866.89206,9005064474.93003,9194717835.99985,9719017925.92929,9430230564.4699,10174664853.9476,11243868485.7428,11930171468.3796,12799593017.7101,13709402085.3206,12120460872.8003,13220556882.7046,14444655299.8772,14807086889.2099,14264202737.3082,13899228824.2161,14188935947.5694,14077109396.8584,14808989993.3185,15730793852.7913,15830768549.8916,13812425036.5864
Italy,ITA,GDP (current US$),NY.GDP.MKTP.CD,40385288344.1911,44842760293.1924,50383891898.9911,57710743059.8341,63175417019.0094,67978153850.5191,73654870011.2757,81133120065.4202,87942231678.3505,97085082807.3751,113395315985.13,124672365792.759,145260039840.637,175492055795.417,199564489431.378,227695851126.928,224717278436.846,257596313364.055,315058323066.393,393677161500.816,477256775943.929,430702851303.015,427272645669.291,443042373788.883,437887689001.543,452217492140.757,640386352773.087,805713128174.485,891608957155.608,928661332204.347,1181222653522.95,1246220156079.29,1320161644933.23,1064958075550.63,1099216688280.5,1174662070605.02,1312426527795.21,1241879604365.62,1270052525928.4,1252023758789.69,1143829832319.88,1167012796420.58,1270712309429.7,1574145823927.77,1803226967966.23,1857524312896.41,1947919708944.93,2210292636189.43,2398856598798.89,2191241872742.43,2134017843247.16,2291991045770.29,2087077032435.15,2141315327318.21,2159133919743.77,1835899237320.04,1875797463583.87,1956950469673.29,2090910879119.33,2009383867307.45,1888709443687.48
Japan,JPN,GDP (current US$),NY.GDP.MKTP.CD,44307342950.4,53508617739.3778,60723018683.7333,69498131797.3333,81749006381.5111,90950278257.7778,105628070343.111,123781880217.6,146601072685.511,172204199480.889,212609187919.444,240151807460.241,318031297492.352,432082670450.719,479625998613.406,521541905673.251,586161858999.671,721411786536.814,1013612173518.84,1055012119526.33,1105385973763.87,1218988935129.81,1134518001884.56,1243323592058.83,1318381627003.76,1398892744820.69,2078953333673.55,2532808573157.03,3071683013178.91,3054914166263.18,3132817652848.04,3584420077100.84,3908809463463.86,4454143876947.21,4998797547740.97,5545563663889.7,4923391533851.63,4492448605638.94,4098362709531.24,4635982224063.88,4968359075956.59,4374711694090.87,4182846045873.61,4519561645253.53,4893116005656.56,4831467035389.8,4601663122649.92,4579750920354.81,5106679115127.3,5289493117993.89,5759071769013.11,6233147172341.35,6272362996105.03,5212328181166.18,4896994405353.29,4444930651964.18,5003677627544.24,4930837369151.42,5036891740656.35,5148781948478.17,5057758958706.64
Kazakhstan,KAZ,GDP (current US$),NY.GDP.MKTP.CD,..,..,..,..,..,..,..,..,..,..,..,..,..,..,..,..,..,..,..,..,..,..,..,..,..,..,..,..,..,..,26932729102.7371,24923076923.0769,24917355371.9008,23409260879.9427,21250792886.1054,20374302652.3819,21035368250.8881,22165932062.966,22135254836.0031,16870821839.7584,18291994909.0044,22152694161.8882,24636593223.3467,30833699702.7594,43151647002.6096,57123671733.8952,81003884545.4099,104849886825.584,133441612246.798,115308661142.927,148047348240.643,192626507971.584,207998568865.789,236634552078.102,221415572819.5,184388432148.715,137278320084.171,166805800595.704,179339994859.384,181667190075.541,171082379532.988
"Korea, Rep.",KOR,GDP (current US$),NY.GDP.MKTP.CD,3958190758.62419,2417558289.36656,2814318516.60968,3988784572.24835,3458939357.73377,3120833333.33333,3928908380.62947,4855907141.80098,6119284294.23459,7678581343.69794,9005023183.92581,9903499927.98502,10862327878.032,13876531432.0145,19544094741.2663,21784297520.6612,29902479338.843,38446487603.3058,51972107438.0165,66946900826.4463,65398646757.6511,72933350953.7025,78358866334.7376,87760360941.0248,97510235986.0046,101296177099.377,116836802995.065,147948259722.577,199590823957.237,246927292765.02,283367525714.932,330648530715.211,355525267405.367,392666101884.959,463617399962.661,566583427334.137,610169556840.077,569754543829.957,383330931042.356,497512659612.052,576178114168.494,547658231279.87,627246081417.004,702717332012.991,793175007858.066,934901071332.984,1053216909887.56,1172614086539.86,1047339010225.25,943941876218.743,1144066965324.49,1253223044718.99,1278427634342.59,1370795199976.18,1484318219633.63,1465773245547.15,1500111596236.37,1623901496835.79,1724845615629.26,1651422932447.77,1637895802792.9
Kosovo,XKX,GDP (current US$),NY.GDP.MKTP.CD,..,..,..,..,..,..,..,..,..,..,..,..,..,..,..,..,..,..,..,..,..,..,..,..,..,..,..,..,..,..,..,..,..,..,..,..,..,..,..,..,..,..,..,..,..,..,..,..,5181776768.71247,5015894692.97027,5344014317.91065,6341737193.76392,6163785172.81254,6735731172.79851,7074657898.23303,6295820481.52668,6682832632.27806,7180813375.50836,7878508502.59802,7899879086.43081,7716925356.12536
Kyrgyz Republic,KGZ,GDP (current US$),NY.GDP.MKTP.CD,..,..,..,..,..,..,..,..,..,..,..,..,..,..,..,..,..,..,..,..,..,..,..,..,..,..,..,..,..,..,2675000000,2569444444.44444,2316562500,2028295454.54545,1681006993.00699,1661018518.51852,1827570586.16784,1767864035.71943,1645963749.83146,1249061487.01457,1369688498.06778,1525116370.27939,1605643104.73021,1919008090.49641,2211534585.0034,2460248026.17783,2834168889.42019,3802566170.81543,5139957784.91084,4690062255.12247,4794357795.07139,6197766118.59856,6605139933.41063,7335027591.91628,7468096566.71158,6678178340.45121,6813092065.83507,7702934800.12836,8271108638.39931,8871026074.19762,7735976272.75983
Latvia,LVA,GDP (current US$),NY.GDP.MKTP.CD,..,..,..,..,..,..,..,..,..,..,..,..,..,..,..,..,..,..,..,..,..,..,..,..,..,..,..,..,..,..,..,..,..,..,..,5789128636.62293,5975248851.45482,6527926445.6811,7166275467.65161,7533788133.55753,7958852838.93395,8362398701.58943,9557031605.27512,11771975156.8073,14435700533.368,17003459863.0989,21570076498.6205,31054350977.9784,35854274228.9139,26410909090.9091,23956163076.5575,27474380566.265,28169902669.3784,30204783461.8488,31345148670.5896,27252128626.6281,28064533352.2849,30408509601.8003,34412210812.2783,34308783825.3019,33707320816.3036
Lebanon,LBN,GDP (current US$),NY.GDP.MKTP.CD,..,..,..,..,..,..,..,..,..,..,..,..,..,..,..,..,..,..,..,..,..,..,..,..,..,..,..,..,3313540067.93246,2717998687.71002,2838485353.96187,4690415092.53663,5843579160.90122,7941744492.1211,9599127049.9375,11718795528.4939,13690217333.2697,15751867489.4446,17247179005.5219,17391056369.2265,17260364842.4544,17649751243.7811,19152238805.9701,20082918739.6352,21159827992.0602,21497336498.9462,22022709851.5526,24827355014.6449,29118916105.6182,35399582928.6222,38443907042.3002,39927125961.2072,44035991893.0218,46909335550.6109,48133414840.4075,50065946086.17,51389318290.8642,53324800958.6119,55276157552.246,51953744507.4091,31735217784.5445
Lithuania,LTU,GDP (current US$),NY.GDP.MKTP.CD,..,..,..,..,..,..,..,..,..,..,..,..,..,..,..,..,..,..,..,..,..,..,..,..,..,..,..,..,..,..,..,..,..,..,..,7867140395.33705,8382519637.46224,10118631851.5322,11239547690.9797,10971583944.7561,11524776866.6379,12237388001.7264,14259781159.0119,18781721376.1985,22627507451.5648,26097677571.8373,30183575103.5262,39697891351.9431,47797551587.8823,37388122046.1496,37128694028.243,43535051482.3869,42927454291.478,46523420074.4372,48533659592.1728,41418872976.1196,43018087237.5741,47640770634.427,53724663842.5623,54697379017.3332,56546957475.4912
Liechtenstein,LIE,GDP (current US$),NY.GDP.MKTP.CD,..,..,..,..,..,..,..,..,..,..,90098330.6654471,104888628.171944,124941925.010473,165930611.729019,193983720.461869,246387479.177159,272493879.020643,303496276.263782,436918176.733781,503180669.994587,534701915.617354,511658690.561043,522090331.478107,524034109.856605,502617355.407073,529078995.563876,779365167.602424,1052843347.63948,1161757671.01756,1120000916.92646,1421466239.56234,1484152022.3152,1631197909.259,1673104493.77369,1948118227.68151,2428461395.34884,2504033252.42718,2298410390.68421,2479721340.8746,2664026095.06058,2483953102.79488,2491822706.80256,2688630822.53304,3070691319.52179,3454362685.96703,3659251525.8593,4000239272.61126,4601299566.81106,5081432924.0144,4504549214.22663,5082366478.08994,5739977477.47748,5456009384.66461,6391735893.83968,6657170923.37918,6268391521.19701,6237264055.20601,6474256118.61481,6839145106.86164,6684443550.01006,..
Luxembourg,LUX,GDP (current US$),NY.GDP.MKTP.CD,703925705.942958,704145671.350213,741509480.796284,791140595.772755,903158753.943622,921600736.304026,968440149.470951,974721762.535327,1066447130.82052,1234878980.502,1457768455.02219,1518773421.37846,1901697369.62698,2609875802.11136,3183637116.81856,3123333333.33333,3423586206.89655,3789321328.08104,4718539771.99949,5516982663.73143,6019805490.41247,5053665797.47936,4602316793.21914,4524217751.47929,4438435492.87908,4577211767.10374,6685595087.59256,8320902215.01891,9418167855.18376,10037674037.674,12778792853.6939,13834219728.293,15518702634.8808,15925521222.0149,17701798890.7644,20853093869.7318,20895314657.9805,19563836265.2233,20150053345.1878,21891923076.9231,21177470978.4411,21369028187.9195,23537637869.377,29601904063.2054,35000480506.5806,37658234050.4912,42874225316.7733,51521903914.5907,58604890874.469,54252213114.7541,56159192758.3285,61615545000.3597,59779802783.3455,65184744717.028,68713294386.2129,60047430684.2639,62174650367.2216,65549868206.9418,71250208995.6425,70195715495.5136,73353132793.7076
Madagascar,MDG,GDP (current US$),NY.GDP.MKTP.CD,673081724.076322,699161943.857103,739286906.851553,759345862.971331,802482182.924192,833563472.162352,900264583.688205,956436931.142347,1031669636.36116,1056391054.5386,1111859569.7715,1199507629.99179,1341590681.58511,1653062347.36254,1917508190.04689,2283049233.28758,2181844193.9254,2358930406.42896,2669755115.50569,3463565881.42486,5201818349.00282,4759333969.85141,4784977348.97042,4686457013.0577,3905938480.82352,3802557894.90614,4347989798.83436,3212900560.80991,3189456961.27972,3175638332.5404,3931334870.74964,3254713056.02171,3714967007.18602,4063298919.2868,3522226902.75861,3838101052.21232,4931861239.07864,4262965281.5836,4401967499.25594,4277903780.29131,4629247090.97816,5438332738.10373,5351701534.15801,6372498719.84613,5064732715.72615,5859269849.14523,6395712392.23682,8524620739.24074,10725137930.8518,9616879571.44509,9982711338.11125,11551819617.6416,11578974887.9668,12423555269.3948,12522957228.1618,11323020828.5844,11848613735.1908,13176313593.5418,13760033096.5122,14104664514.87,13056079982.3887
Malaysia,MYS,GDP (current US$),NY.GDP.MKTP.CD,1916241996.60264,1901868548.28172,2001502678.6881,2510126747.68065,2674441395.53116,2956356984.18921,3143538481.64119,3188945511.56409,3330393309.81315,3664575983.27453,3864170913.36731,4244340333.51899,5043268548.73032,7662996766.66803,9496074114.07918,9298800799.46702,11050125904.9418,13139397879.1695,16358376511.2263,21213672089.1976,24488033442.0506,25004557093.8761,26804401815.5348,30346788437.5135,33943505717.6993,31200161095.4491,27734562640.4277,32181695507.2234,35271880250.4964,38848567631.4235,44024178343.0071,49143148094.2683,59167550162.956,66894837030.4184,74478356957.7808,88705342902.7113,100855393910.486,100005323301.867,72167498980.8398,79148421052.6316,93789736842.1053,92783947368.4211,100845526315.789,110202368421.053,124749473684.211,143534102611.497,162691238209.476,193547824063.3,230813897715.69,202257625195.063,255016609232.871,297951960784.314,314443149443.149,323277158906.979,338061963396.376,301354803994.367,301255380276.258,319112136545.438,358791603677.728,365276282438.141,337006066373.26
Malta,MLT,GDP (current US$),NY.GDP.MKTP.CD,..,..,..,..,..,..,..,..,..,..,250721821.553678,264579879.784878,295118249.324932,345602025.375393,376094108.475331,474620439.58496,527936988.791275,625573345.532174,793675169.878579,1001300838.32335,1250242107.87969,1243469360.56838,1234518125,1165771369.00625,1101828568.76804,1117835285.50512,1435079200.34957,1751247763.41948,2019474244.19359,2118574772.11136,2547163582.33149,2750041434.26295,3021910216.71827,2709178326.78271,2998570146.54095,3720400535.01945,3822882801.33397,3793418418.41842,4010571223.3396,4121350731.81231,4069515579.07114,4088368978.34589,4470446391.44639,5448415500.17071,6098092551.07125,6416184181.07201,6778324049.68009,7925371475.49959,9090406767.24769,8696366907.4743,9035932122.49768,9638916481.06904,9462238211.48657,10551661176.7831,11626281387.0068,11091434483.5238,11721521912.7202,13221298307.8894,14864712990.1631,15215714309.0974,14647384607.604
Mexico,MEX,GDP (current US$),NY.GDP.MKTP.CD,13040000000,14160000000,15200000000,16960000000,20080000000,21840000000,24320000000,26560000000,29360000000,32480000000,35520000000,39200000000,45200000000,55280000000,72000000000,88000000000,89025974025.974,81814159292.0354,102500000000,134561403508.772,205139086956.522,263959336734.694,184609157801.418,156159198584.513,184261495828.367,195219789801.479,134550096436.744,147540738281.817,181611549975.804,221400669713.589,261253582805.945,313142768453.485,363157598242.27,500736065605.341,527813238126.278,360073909243.855,410975595310.156,500413483109.175,526502129378.284,600232874042.927,707906744574.644,756706300589.791,772106378935.377,729336319677.449,782240601984.76,877476221382.101,975387131716.089,1052696282278.87,1109989063586.62,900045350649.351,1057801295584.05,1180489601957.61,1201089987015.45,1274443084716.57,1315351183524.54,1171867608197.72,1078490651625.31,1158913035796.37,1222408203104.3,1269433932805.91,1073915880822.5
Moldova,MDA,GDP (current US$),NY.GDP.MKTP.CD,..,..,..,..,..,..,..,..,..,..,..,..,..,..,..,..,..,..,..,..,..,..,..,..,..,..,..,..,..,..,..,..,..,..,..,1752979926.41489,1695122173.91304,1930081168.83117,1698717504.65549,1170782957.37443,1288429391.79951,1480673594.05602,1661818168.4226,1980907434.76826,2598249555.89984,2988348836.471,3408244549.19999,4401189466.14058,6054849884.52656,5439422031.39627,6974960345.3712,8414360656.29632,8709165249.26928,9496684701.43325,9510219299.49557,7745231660.33425,8071480540.86068,9669759987.02633,11456728401.3069,11970233939.8808,11915547262.6561
Monaco,MCO,GDP (current US$),NY.GDP.MKTP.CD,..,..,..,..,..,..,..,..,..,..,293073868.038497,327651487.974965,402460333.247989,523552815.099552,563939670.684242,711922994.25844,735339911.91765,811250927.388123,1000535735.37664,1209898293.39444,1378130995.60185,1205166025.47602,1143229071.83219,1092551781.03673,1037314956.23209,1082851076.49699,1515209588.20845,1839095595.29143,2000674667.1353,2010116851.24167,2481316053.96507,2480598883.85071,2737192565.05576,2574302409.08038,2720310018.90359,3130462610.06703,3137673291.44762,2840175545.06631,2934498443.40672,2906093756.65885,2647885848.5351,2718868306.01093,2968987019.23077,3601321064.55266,4137913500,4203084193.50827,4582988332.70606,5867916780.72817,6476490405.74191,5451653237.01028,5367625613.15127,6088808463.25167,5743029680.07195,6555983530.34932,7069616048.89066,6261622101.40908,6472990923.1791,6431314957.07185,7194024563.06094,7383745662.15157,6816219303.25528
Mongolia,MNG,GDP (current US$),NY.GDP.MKTP.CD,..,..,..,..,..,..,..,..,..,..,..,..,..,..,..,..,..,..,..,..,..,2310099100,2552401933.33333,2725736633.33333,2098734600,2186505475,2896178866.66667,3020611600,3204461566.66667,3576966800,2560785660,2379018326.31579,1317611863.84977,768401634.154573,925817092.217484,1452165005.2384,1345719472.35883,1180934202.83801,1124440248.9783,1057408588.68269,1136896123.61298,1267997934.3125,1396555719.97409,1595297355.78349,1992066808.09598,2523471532.01083,3414055566.1138,4234999823.30839,5623216448.86852,4583850367.88972,7189481824.07288,10409797649.3063,12292770631.1967,12582122604.1921,12226514722.0861,11619892396.0767,11181350461.4723,11480847745.3187,13178094459.4548,14206359006.8095,13312981594.573
Montenegro,MNE,GDP (current US$),NY.GDP.MKTP.CD,..,..,..,..,..,..,..,..,..,..,..,..,..,..,..,..,..,..,..,..,..,..,..,..,..,..,..,..,..,..,..,..,..,..,..,..,..,..,..,..,984297589.359934,1159869245.92513,1284685050.52413,1707710053.14938,2073234417.68066,2257174480.78597,2721903148.91482,3680711743.77224,4545674527.61096,4159330369.5471,4143033275.88493,4544516982.18263,4087725812.66864,4464260488.58205,4587928884.17142,4052913385.82677,4374128318.58407,4844592066.71174,5504166666.66667,5542674317.06225,4769860740.74074
Morocco,MAR,GDP (current US$),NY.GDP.MKTP.CD,2037150716.33238,2025689536.60705,2379606422.29029,2657247327.3392,2798339768.79755,2948325264.30195,2876395613.08171,3046339294.53611,3271415867.99723,3651615453.01848,3956328426.04486,4356633663.36634,5074117544.77482,6242177798.33938,7675408485.51421,8984824182.60333,9584323309.12136,11049896742.3889,13236854105.1672,15912133569.2852,21728770055.3777,17788171722.4446,17692341358.1272,16251460689.3254,14824728528.4604,14991283215.7408,19462175321.8224,21765261041.7265,25705296183.5037,26314220188.0257,30180108561.9305,32285388165.2999,33711069430.78,31655473663.8348,35604137422.5796,39030285468.3841,43161452678.4383,39147844526.0838,41806219378.6181,41632027599.8531,38857251336.3448,39459581217.3759,42236836820.6152,52064058833.9739,59626020162.3816,62343022650.8742,68640825480.9223,79041294874.4553,92507257783.5697,92897320375.8176,93216746661.5977,101370474295.109,98266306615.3632,106825649872.108,110081248587.369,101179808076.36,103311649248.024,109682728023.112,118096227400.092,119870439113.662,114725065285.149
Netherlands,NLD,GDP (current US$),NY.GDP.MKTP.CD,12276734172.0828,13493833739.9949,14647057370.1418,15891241386.291,18699380731.3465,21000586933.2041,22867203317.4022,25087562181.3218,27817605743.2503,34035946604.1815,38164716625.0685,44579122807.0175,54706557264.4878,71840909664.1968,87243413394.5405,100249523353.085,109168720620.103,127016990212.804,155859695457.323,179669405690.432,195152092662.381,164134217080.279,158479527935.958,153445465987.182,143912664148.352,143845822717.622,200862095700.666,245046310922.541,261910508417.884,258336705808.999,318330511920.61,327500327675.625,362962872180.451,353550169672.52,379130260322.073,452301674444.139,450490196078.431,416812740004.518,438008220395.468,446898572341.786,416442786069.652,431213422818.792,471613965744.401,578792325056.433,657171591755.649,685092650167.89,733340860619.747,847481522036.682,947997656364.435,868077243678.8,846554894931.084,904085980796.018,838971306990.906,876923518850.405,890981311077.658,765264949780.999,783528181704.567,831809944960.879,913597086062.599,910194347568.626,913865395789.886
New Zealand,NZL,GDP (current US$),NY.GDP.MKTP.CD,5485854791.97096,5670064168.21773,6077496267.76294,6638937283.13963,7274144350.81809,5654463586.00366,5863733230.97616,5961418093.53003,5180597620.64135,5761588761.69421,..,7911136757.06867,9567331064.65727,12802281897.8712,13940981798.1247,12861983284.3912,13604832424.0062,15446825318.4556,18530518394.6488,20731243113.2926,23244547384.6748,24417617184.2478,24164603058.9949,24309279705.5731,21665975318.8842,24679795396.4194,30604668356.5695,40376354069.9474,45176811594.2029,43920222524.7085,45495129385.0475,42745329732.163,41649829859.6342,46775620817.4327,55314732279.1379,63918703506.9075,70140835299.0148,66075143415.4952,56227169851.0448,58762260625.8758,52623281956.7031,53872425916.6248,66627729311.4495,88250885550.2626,103905210084.034,114720129550.095,111538810712.665,137188946865.584,133131369930.414,121373602348.679,146517541181.254,168291357111.739,176206659722.524,190906575136.003,201313497220.917,178064471137.921,188943457301.474,206950600690.395,212225726657.864,212891048340.608,210700848973.509
Nigeria,NGA,GDP (current US$),NY.GDP.MKTP.CD,4196092258.15484,4467200335.99328,4909302953.94092,5165489010.2198,5552822483.55033,5874422511.54977,6366792664.14672,5203135937.28125,5200895982.08036,6634187316.25367,12545849083.0183,9181769911.50443,12274416017.7976,15162871287.1287,24846641318.1242,27778934624.6973,36308883248.731,36035407725.3219,36527862208.7133,47259911894.2731,64201788122.6054,164475209515.19,142769363313.375,97094911790.6948,73484359521.0997,73745821156.2996,54805852581.1516,52676041930.5791,49648470439.7963,44003061108.3357,54035795388.0915,49118433047.5318,47794925814.7558,27752204320.0883,33833042987.7582,44062465800.1706,51075815092.5,54457835193.4927,54604050168.1818,59372613485.6576,69448756932.5833,74030364472.0506,95385819320.5737,104911947834.122,136385979322.437,176134087150.341,236103982431.635,275625684968.615,339476215683.592,295008767295.038,361456622215.721,404993594133.582,455501524575.498,508692961937.492,546676374567.721,486803295097.89,404650006428.613,375746469538.666,397190484464.308,448120428858.769,432293776262.398
North Macedonia,MKD,GDP (current US$),NY.GDP.MKTP.CD,..,..,..,..,..,..,..,..,..,..,..,..,..,..,..,..,..,..,..,..,..,..,..,..,..,..,..,..,..,..,4699646643.10954,4938775510.20408,2436849341.97604,2682456896.55172,3559607241.25816,4707036096.48961,4642018353.67211,3912986090.97363,3765747304.98681,3863621185.97303,3772857145.0248,3709637829.94866,4018365247.44444,4946292774.79046,5682788267.12865,6258600713.82627,6861222331.96317,8336478142.08872,9909548410.82744,9401731495.71661,9407168702.4313,10494632699.3859,9745251126.0109,10817712138.9451,11362272837.8818,10064515432.0265,10672471860.7184,11307058382.3435,12683070061.4695,12606338448.547,12263710122.7645
Norway,NOR,GDP (current US$),NY.GDP.MKTP.CD,5163271598.15702,5632460936.54576,6066976682.67364,6510239502.76489,7159202706.48027,8058681060.159,8696460205.3397,9514496703.39762,10159934136.7838,11063065083.4888,12814123115.2613,14583114840.0629,17358610849.701,22534253702.8686,27145693810.1341,32877805200.023,35942270686.3374,41508030431.1074,46523091009.6713,53132244623.9213,64439382896.0156,63596654760.8677,62647195537.6511,61627240831.0948,62057955032.7758,65416879914.3907,78693253275.995,94230055658.6271,101900260856.222,102633789557.535,119791683307.507,121872464483.487,130838040067.584,120579072750.596,127131461119.927,152029612324.788,163520109150.671,161356631888.484,154163364302.66,162284465073.341,171247131268.604,173972218824.027,195524186477.617,228858506821.841,264511630666.983,308884284051.222,345581369965.54,400937100158.657,462250000000,386190385318.767,428757038466.841,498283438454.281,509506317146.541,522761531914.894,498410050251.256,385801550067.169,368827142857.143,398393955268.99,436999692591.454,404941363636.364,362198318435.26
Pakistan,PAK,GDP (current US$),NY.GDP.MKTP.CD,3749265014.69971,4118647627.04746,4310163796.72407,4630827383.45233,5204955900.88198,5929231415.37169,6561108777.82444,7464510709.7858,8041999160.0168,8683116337.67325,10027509449.811,10665896682.0664,9415016359.56604,6383429490.21091,8899191919.19192,11230606060.6061,13168080808.0808,15126060606.0606,17811515151.5152,19688383838.3838,23654444444.4444,28100606060.6061,30725971563.981,28691889763.7795,31151825467.4978,31144920844.3272,31899070055.7967,33351529274.6869,38472742808.3167,40171018229.0715,40010423970.4576,45625234697.7094,48884606848.1265,51809949334.2396,52293456906.2665,60636022422.6176,63320122807.1223,62433300338.0941,62191955814.3478,62973855718.8874,82017743416.2841,79484403984.8849,79904985384.8652,91760542940.0717,107759683863.123,120055291992.938,137264061106.043,152385716311.916,170077814106.305,168152775283.032,177165635077.065,213587413183.996,224383620829.57,231218567178.979,244360888750.807,270556131701.171,278654637737.69,304567253219.097,314567541558.339,279056608888.638,262610002938.509
Peru,PER,GDP (current US$),NY.GDP.MKTP.CD,2571908062.07692,2899654840.36567,3286773187.87687,3600957771.15299,4356913870.23507,5166861068.42164,6113607728.15672,6204253758.57616,5736083835.22481,6420909789.63824,7432223176.77261,8289582883.50129,9189413409.01292,10994381894.7984,13858441211.2196,16877163792.1284,15947709379.6507,14620386673.8544,12495779622.071,15962459447.2168,18134029179.6393,21649137620.3055,21793496819.3379,17345624453.6916,17599660054.286,16548827018.2872,15244232957.8759,20702298396.9717,15439408447.2288,22499559086.0343,26410386669.3609,34341465998.2003,35966302303.263,34832077220.8537,44882079766.8913,53312793687.3836,55252414130.3019,58147522522.5225,55501467877.381,50187324567.883,51744749133.213,52030158775.4055,54777553515.0809,58731030121.8671,66768703497.5687,76060606060.6061,88643193061.748,102170981144.136,120550599815.441,120822986521.479,147528937028.778,171761737046.585,192648999090.082,201175469114.327,200789362451.567,189805300841.603,191895943823.887,211007207483.515,222574697255.522,228470919605.669,202014363787.233
Philippines,PHL,GDP (current US$),NY.GDP.MKTP.CD,7515886650.50159,8171186334.44451,4954529277.11044,5505055617.64991,5953766853.8145,6517304757.998,7189017887.7981,7724873935.15141,8632749269.35964,9571800652.61349,7559179530.39935,8375086047.10196,9067872578.93699,11412421019.6329,15607825070.495,16875240683.0685,19380945792.6854,22283185056.1012,25762077665.0311,31218507870.1702,36848242783.8987,40499645207.8072,42206011274.7956,37759237657.9248,35730202751.0258,34961565262.7138,33987178952.489,37791442730.7811,43152077817.4686,48513735777.3149,50508286643.0184,51784207132.1246,60422309296.9827,62036625222.9655,73159245524.4651,84644220102.0732,94648084428.8235,94106183450.2675,74492325247.0657,85640133799.7951,83669693589.1547,78921234457.233,84307291974.4733,87039145965.0093,95002028504.6908,107419961717.119,127652859201.489,155980378252.863,181624577153.97,175974711591.53,208368726860.828,234216930369.373,261920509949.785,283902728259.788,297483247100.855,306446140627.933,318626761492.305,328480867143.204,346842094174.513,376823278560.849,361489325230.731
Poland,POL,GDP (current US$),NY.GDP.MKTP.CD,..,..,..,..,..,..,..,..,..,..,..,..,..,..,..,..,..,..,..,..,..,..,..,..,..,..,..,..,..,..,65977749036.9844,85500935934.9901,94337050693.2727,96045645026.178,110803391516.698,142292783505.155,160193242090.427,159357789772.207,174685791563.561,170031005016.259,172219461126.067,190905493539.168,199072058823.529,217827260805.842,255110181539.808,306144336269.51,344622003093.581,429028505365.078,533609081852.897,439737508413.192,479834179020.33,528301269069.799,498523568248.119,521016262734.924,542477096211.761,477811911394.084,472630364208.177,526508877305.321,587411745161.558,597280564671.563,596624355719.671
Portugal,PRT,GDP (current US$),NY.GDP.MKTP.CD,3193200404.37297,3417516639.37596,3668222357.65702,3905734459.72693,4235608177.67102,4687464054.83455,5135387845.97108,5740241165.63433,6354262628.33537,6969025825.62868,8108235704.32357,9201604240.28269,11239117865.0852,15090564186.4268,17512391475.9274,19347607843.1373,20332831564.9867,21439523310.6338,23487614051.0949,26622819672.1311,32896519823.7885,31977276872.9642,30527754793.1382,27239650741.9472,25217969049.5755,27115807742.0873,38745901353.7059,48182925857.4071,56347250696.3788,60594092182.3275,78713860216.5659,89233599278.4792,107592098307.098,95009751901.2592,99688641304.3478,118122007430.012,122630089680.27,117016535162.95,123946327916.296,127427343916.471,118310710337.203,121498889485.459,134156091661.961,164862142212.19,189034502110.752,197180330804.626,208581694893.991,240190803449.22,262344779551.78,243701635176.438,237880908317.652,244797226567.109,216236608773.976,226369502104.236,229596170846.995,199313894327.486,206286022781.894,220811110492.149,242194788533.537,239986922638.902,228539245045.341
Puerto Rico,PRI,GDP (current US$),NY.GDP.MKTP.CD,1691900000,1865100000,2094400000,2333600000,2570500000,2881500000,3170500000,3532700000,3941700000,4460700000,5034700000,5646800000,6328900000,7002400000,7684800000,8198300000,8968600000,9910900000,11165000000,12750000000,14436100000,15955700000,16764200000,17276600000,19162600000,20289200000,22009300000,24025800000,26385800000,28161200000,30603919000,32287031000,34630430000,36922456000,39690630000,42647331000,45340835000,48187039000,54086400000,57841000000,61701800000,69208400000,71623500000,74827400000,80322313000,83914521300,87276164400,89524131600,93639300000,96385600000,98381300000,100351700000,101564800000,102450000000,102445800000,103375500000,104336700000,103445526000,100925000000,104914600000,103138300000
Russian Federation,RUS,GDP (current US$),NY.GDP.MKTP.CD,..,..,..,..,..,..,..,..,..,..,..,..,..,..,..,..,..,..,..,..,..,..,..,..,..,..,..,..,554713455149.502,506500173960.269,516814274021.956,517962962962.963,460290556900.726,435083713850.837,395077301248.464,395537185734.854,391724890744.498,404928954191.876,270955486862.442,195907128350.934,259710142196.943,306602070620.5,345470494417.863,430347770731.787,591016690742.798,764017107992.391,989930542278.695,1299705764823.62,1660846387624.78,1222644282201.86,1524917468442.01,2045925608274.37,2208295773643.15,2292473246621.08,2059241965490.83,1363481063446.77,1276786979221.81,1574199387070.9,1657328865709.99,1687448525466.61,1483497784867.6
Romania,ROU,GDP (current US$),NY.GDP.MKTP.CD,..,..,..,..,..,..,..,..,..,..,..,..,..,..,..,..,..,..,..,..,..,..,..,..,..,..,..,38413636363.6364,40809523809.5238,42105263157.8947,38995454545.4545,28998684210.5263,25121666666.6667,26362894736.8421,30074440483.3837,37435317265.1254,36937074278.3004,35574916294.6429,41694118972.5101,35952781582.2083,37253259016.9976,40394824679.1232,46066101951.2933,57806506024.0964,74972669056.5922,98452791982.7024,122022997508.01,174585202805.233,214313628965.024,174103695930.213,166309355234.589,183326740143.016,170635805316.879,190801346194.297,199959363430.073,177729210874.504,188128818486.401,211695422578.655,241457403085.042,249881592298.072,248715551366.635
San Marino,SMR,GDP (current US$),NY.GDP.MKTP.CD,..,..,..,..,..,..,..,..,..,..,..,..,..,..,..,..,..,..,..,..,..,..,..,..,..,..,..,..,..,..,..,..,..,..,..,..,..,..,..,1109098657.57511,1005159388.24397,1077413479.05282,1168269230.76923,1464326160.8154,1723750000,1785847531.40157,1908167105.75837,2185874623.59704,2393437820.41892,2056126701.86163,1881214370.93994,1813752783.96437,1604779647.95066,1678841811.66158,1673973694.69908,1419394771.21029,1468377272.13859,1528630707.49794,1655300872.53427,1616369645.99635,..
Saudi Arabia,SAU,GDP (current US$),NY.GDP.MKTP.CD,..,..,..,..,..,..,..,..,4187777711.11111,4485777644.44444,5377268848.52944,7184863276.54536,9664067929.6561,14947491056.4605,45412971909.3794,46773303720.8932,64005623870.3227,74188363505.8532,80265732292.5833,111859726428.738,164541658298.596,184291888767.191,153238991868.875,129171602025.147,119624918956.209,103897892810.979,86962013010.5552,85695941760.0451,88256162068.9725,95344352823.6969,117630271802.48,132223268491.322,137087876662.216,132967901415.22,135174886488.652,143343036341.789,158662398744.993,165963557409.88,146775498080,161716960000,189514926213.333,184137469733.333,189605920240,215807655253.333,258742263040,328459700114.755,376900135727.637,415964583055.37,519796738640,429097899280,528207332640,671238840106.667,735974843360,746647127413.333,756350347333.333,654269902880,644935541440,688586244293.333,786521831573.333,792966838160,700117873253.333
Serbia,SRB,GDP (current US$),NY.GDP.MKTP.CD,..,..,..,..,..,..,..,..,..,..,..,..,..,..,..,..,..,..,..,..,..,..,..,..,..,..,..,..,..,..,..,..,..,..,..,16832598870.0565,21818007448.7896,25676487999.5941,19457979423.376,19388663551.0012,6875845986.52121,12960538723.7591,17120906918.3503,22482365321.7656,26141968161.0924,27683225959.2468,32482070360.3204,43170990616.4729,52194221468.5007,45162894380.9318,41819468691.8251,49258136128.9672,43309252921.0567,48394239474.6762,47062206677.6539,39655958842.5478,40692643373.0327,44179055279.8887,50640650221.4622,51514222381.8428,53335016425.4148
Slovak Republic,SVK,GDP (current US$),NY.GDP.MKTP.CD,..,..,..,..,..,..,..,..,..,..,..,..,..,..,..,..,..,..,..,..,..,..,..,..,..,..,..,..,..,..,12747380650.0762,14272201755.4704,15495514296.8042,16520676973.5301,20162936291.375,25840146405.2288,27925036755.3866,27706028095.6157,29856000671.216,30453383763.0514,29169953012.7142,30752150335.5705,35130340673.8189,46816589164.7856,57332015147.7527,62785305310.2848,70708098105.6329,86454081576.7862,100469509301.304,89046289247.0131,90712671900.5229,99362720493.6429,94258572686.2287,98541305462.1038,100954719362.24,88601289843.0917,89614053143.7939,95157888666.9967,105561218935.334,105284375640.698,105172564491.569
Slovenia,SVN,GDP (current US$),NY.GDP.MKTP.CD,..,..,..,..,..,..,..,..,..,..,..,..,..,..,..,..,..,..,..,..,..,..,..,..,..,..,..,..,..,..,..,..,..,..,..,21352224019.4096,21507232648.7252,20763101740.6963,22146231967.6861,22711384311.1404,20289627636.6767,20876309970.385,23489890274.3142,29634713641.0968,34414784504.2352,36206395970.6504,39481045038.2637,48006372844.2376,55552509154.8264,50368056404.5568,48161250405.2468,51516366654.8197,46580457470.2769,48401896808.3064,49930685013.4603,43090173394.6913,44736333522.4522,48469082710.3089,54137142149.4799,54178877605.9999,53589609580.7099
Spain,ESP,GDP (current US$),NY.GDP.MKTP.CD,12072126075.397,13834300571.4849,16138545209.246,19074913947.7196,21343844643.7341,24756958694.9238,28721062242.1634,31647119228.1982,31475548481.4095,36038711599.541,40992995008.3195,46619420359.2814,59132415221.3306,78639525985.1513,97274006345.5437,114777046376.812,118507184779.905,132449277108.434,160599687500,214601955875.062,232766822928.754,202807891511.984,195996754505.528,170951185614.849,172102910370.524,180793463796.477,251321075204.942,318747935588.196,376160409941.437,414757056921.996,536558591250.408,577166174539.632,630916018202.503,525075636030.854,530562634455.347,614609020549.773,642588992512.807,590077272727.273,619214834614.099,634693160025.57,596877648793.072,627286800894.855,705394315829.098,905492099322.799,1067093369754.16,1153285660987.44,1259343871534.31,1472131125102.66,1625224842536.99,1485583495415.39,1420722034063,1478772824224.03,1324820091194.67,1354757433212.72,1369398844599.58,1195119269971.52,1232076017361.53,1309297246509.31,1420300232663.59,1393046093137.25,1281484640043.58
Sweden,SWE,GDP (current US$),NY.GDP.MKTP.CD,15822585033.5764,17212686614.5726,18667251380.0746,20204870629.7441,22532416750.0125,24795499685.775,26971486546.2848,29275995674.6888,31066819929.2853,33738102482.1558,38092452060.6201,41566412922.6087,48954145808.8359,59404966684.2214,66013338964.725,82885397620.5385,89362071672.9034,94468740851.4816,104442351222.751,123386410160.715,142092068280.689,129686938223.328,114380557730.876,105014356666.797,109201362581.3,114123537581.794,150498057723.623,183009638350.893,206986674500.588,217948315624.564,261846194498.885,274229034311.699,284321115594.629,212953336588.123,229033566614.826,267305875261.099,291743811512.079,268146144677.73,270809066780.714,274072182416.731,262835454366.855,242395852494.409,266849061835.659,334337212322.076,385118044877.465,392218088878.779,423093437423.762,491252589217.021,517706149201.196,436537014293.554,495812558843.31,574094112972.733,552483727282.802,586841821796.891,581964017237.095,505103781349.757,515654671469.547,541018749769.097,555455371487.089,533879529188.454,541220059459.25
Switzerland,CHE,GDP (current US$),NY.GDP.MKTP.CD,9522746719.21614,10712712465.0522,11879982758.5619,13063643795.7884,14480556571.5476,15346741669.7575,16480058704.8531,17740013179.26,18942729779.1,20524886616.4789,..,..,..,..,..,..,..,..,..,..,122660905890.076,112339195092.149,115140108850.909,114730757467.486,109547355832.66,111073640470.473,159223703930.18,199403912956.009,215721878630.493,208280848462.62,265987061618.198,269127820781.032,280156819798.037,272466458446.129,301628489434.818,353132515010.571,340471241909.385,295121356714.67,303882354117.809,298520480628.412,279841151705.353,287226531168.523,310175772488.13,363063293977.872,405531321270.607,420544947799.55,443801905407.561,493537376707.764,570304197211.707,558199868578.256,603434493402.679,722038242134.62,692109693986.886,712748124222.61,734396591036.932,702149580770.901,695600652899.283,704478516963.855,735539301552.674,731767398052.879,752248045730.11
Thailand,THA,GDP (current US$),NY.GDP.MKTP.CD,2760747471.88624,3034043574.06071,3308912796.93487,3540403456.55305,3889129942.30769,4388937649.03846,5279230817.30769,5638461442.30769,6081009427.88461,6695336567.30769,7086538437.5,7375000024.03846,8177884552.88461,10838587357.7466,13703000530.0587,14882747955.0328,16985211146.0238,19779315170.0237,24006570178.1561,27371699082.7126,32353440726.8856,34846107862.3673,36589797857.4006,40042826244.2337,41797592963.4424,38900692712.1496,43096746122.4614,50535438696.4094,61667199834.7428,72250877410.3183,85343063965.9182,98234695722.0341,111452869378.467,128889318946.587,146683499005.964,169278753531.98,183035114648.4,150180619366.605,113675561057.462,126669064386.717,126392233706.79,120296476180.402,134300851255.002,152280677649.055,172895749632.046,189318549680.384,221758196504.936,262942476722.425,291382991177.698,281710416557.292,341104820155.464,370819140946.553,397558222957.17,420333203150.426,407339454060.678,401296437424.995,413366150655.591,456356961443.497,506611070188.362,544263840039.166,501643653514.925
Timor-Leste,TLS,GDP (current US$),NY.GDP.MKTP.CD,..,..,..,..,..,..,..,..,..,..,..,..,..,..,..,..,..,..,..,..,..,..,..,..,..,..,..,..,..,..,..,..,..,..,..,..,..,..,..,..,367087900,477443500,469506700,490439100,440764600,462283600,453805100,542795400,648492700,726882400,881827800,1042411500,1160389500,1395519600,1447307100,1594410900,1650618500,1615609700,1583876200,2047931700,1902156800
Trinidad and Tobago,TTO,GDP (current US$),NY.GDP.MKTP.CD,535670127.748935,584961208.656595,619319197.340022,678235373.038558,711893367.55527,736568861.926151,723735635.536371,761981474.023359,758899950,779200000,821850000,896754316.674262,1083381044.08473,1308799458.96284,2042031901.42217,2442667573.04821,2500410583.79177,3138666666.66667,3562333458.33333,4602416625,6235833333.33333,6992083333.33333,8140416666.66667,7763750000,7757083333.33333,7375918367.34694,4794444444.44444,4797777777.77778,4496852073.46896,4323058823.52941,5068000000,5307905882.35294,5439552941.17647,4669488516.37981,4947205860.01451,5329214163.22001,5759537726.26601,5737751331.63779,6043694330.21609,6808982520.75759,8154338232.95978,8824873259.32105,9008273720.93395,11305459802.0683,13280275123.0354,15982282462.3786,18369361094.3886,21641620049.9352,27871587349.5413,19172165225.5015,22157948396.2042,25433011405.3017,25763220107.0051,27268478564.5547,27615843098.0949,24959858249.4433,22386264807.3174,22385426653.883,23679919654.9891,23208326547.5327,21588037504.9992
Turkey,TUR,GDP (current US$),NY.GDP.MKTP.CD,13995067817.5092,7988888888.88889,8922222222.22222,10355555555.5556,11177777777.7778,11966666666.6667,14100000000,15644444444.4444,17500000000,19466666666.6667,17086956521.7391,16256619963.7997,20431095406.3604,25724381625.4417,35599913836.4328,44633707242.7642,51280134554.2889,58676813687.3681,65147022485.7919,89394085658.2038,68789289565.7434,71040020140.4436,64546332580.7583,61678280115.4987,59989909457.8379,67234948264.5987,75728009962.7878,87172789528.3316,90852814004.9917,107143348667.094,150676291094.21,150027833333.333,158459130434.783,180169736363.636,130690172297.297,169485941048.035,181475555282.555,189834649111.257,275967393939.394,256385525071.633,274302959053.103,201751148417.102,240253216295.117,314592428076.487,408876042651.701,506308311476.63,557057829051.453,681337335021.874,770462156204.38,649272568774.193,776992599946.766,838762755164.179,880556375779.51,957783020853.031,938952628604.067,864316670330.882,869692960365.551,858996263095.858,778471901665.148,761004425605.414,719954821683.31
Ukraine,UKR,GDP (current US$),NY.GDP.MKTP.CD,..,..,..,..,..,..,..,..,..,..,..,..,..,..,..,..,..,..,..,..,..,..,..,..,..,..,..,64087795107.1343,74703706816.8446,82709199437.0663,81393535306.2736,..,71900000000,65607522123.8938,52543387167.1759,48214751923.5872,44558075977.0429,50150400171.8859,41883241477.8526,31580960681.7742,32375280320.5765,39309580983.2282,43956369917.0202,52010238715.8475,67220154164.3166,89239370109.4698,111884752475.248,148733861386.139,188111140643.985,121552777492.556,141209864408.488,169333048847.834,182592416468.527,190498811460.028,133503411375.739,91030959454.6961,93355993628.5042,112090530368.543,130891049796.879,153882982016.281,155498989149.587
United States,USA,GDP (current US$),NY.GDP.MKTP.CD,543300000000,563300000000,605100000000,638600000000,685800000000,743700000000,815000000000,861700000000,942500000000,1019900000000,1073303000000,1164850000000,1279110000000,1425376000000,1545243000000,1684904000000,1873412000000,2081826000000,2351599000000,2627333000000,2857307000000,3207041000000,3343789000000,3634038000000,4037613000000,4338979000000,4579631000000,4855215000000,5236438000000,5641580000000,5963144000000,6158129000000,6520327000000,6858559000000,7287236000000,7639749000000,8073122000000,8577554457000,9062818202000,9630664202000,10252345464000,10581821399000,10936419054000,11458243878000,12213729147000,13036640230000,13814611414000,14451858656000,14712844084000,14448933025000,14992052727000,15542581104000,16197007349000,16784849196000,17527163695000,18238300569000,18745075687000,19542979183000,20611860934000,21433224697000,20953030000000
United Kingdom,GBR,GDP (current US$),NY.GDP.MKTP.CD,73233967692.1028,77741965703.3544,81247564156.8246,86561961812.3249,94407558351.1616,101824755078.991,108572752102.045,113116888210.787,107759910067.889,116464702803.218,130671946244.3,148113896325.14,169965034965.035,192537971582.558,206131369798.971,241756637168.142,232614555256.065,263066457352.172,335883029721.956,438994070309.191,564947710899.373,540765675241.158,515048916841.37,489618008185.539,461487097632.349,489285164271.047,601452653180.885,745162608269.325,910122732123.799,926884816753.927,1093169389204.55,1142797178130.51,1179659529659.53,1061388722255.55,1140489745944.29,1346422597443.59,1421514820592.82,1559569417157.83,1653391851606.49,1685762821549.91,1662127402027.54,1643908161796.46,1784076738609.11,2057093877551.02,2421814353716.59,2544829090909.09,2717059797608.1,3106182472989.2,2938882352941.18,2425798410967.44,2491110093454.18,2674891473843.81,2719158341005.79,2803291406029.93,3087165602962.86,2956573778737.76,2722851958486.23,2699016715111.39,2900791442554.06,2878673912414.44,2759804061837.07
Virgin Islands (U.S.),VIR,GDP (current US$),NY.GDP.MKTP.CD,..,..,..,..,..,..,..,..,..,..,..,..,..,..,..,..,..,..,..,..,..,..,..,..,..,..,..,..,..,..,..,..,..,..,..,..,..,..,..,..,..,..,3262000000,3443000000,3797000000,4428000000,4484000000,4784000000,4244000000,4201000000,4324000000,4223000000,4089000000,3738000000,3565000000,3663000000,3798000000,3794000000,3900000000,4068000000,..
Uzbekistan,UZB,GDP (current US$),NY.GDP.MKTP.CD,..,..,..,..,..,..,..,..,..,..,..,..,..,..,..,..,..,..,..,..,..,..,..,..,..,..,..,..,..,..,13360607917.8773,13677622222.2222,12941297376.0933,13099013835.5111,12899156990.6156,13350468917.4115,13948892215.5689,14744603773.5849,14988971210.8383,17078465982.0282,13760513969.314,11401421329.1974,9687788512.80184,10134453435.4603,12030023547.8807,14307509838.8053,17330833852.919,22311393927.8817,29549438883.8338,33689223673.2577,49765676402.4495,60178909297.208,67517349212.0609,73180036692.3255,80845384375.1236,86196265191.6645,86138288615.1218,62081323299.0324,52633143808.1824,59907674027.4676,59929951114.3598
,,,,,,,,,,,,,,,,,,,,,,,,,,,,,,,,,,,,,,,,,,,,,,,,,,,,,,,,,,,,,,,,
,,,,,,,,,,,,,,,,,,,,,,,,,,,,,,,,,,,,,,,,,,,,,,,,,,,,,,,,,,,,,,,,
,,,,,,,,,,,,,,,,,,,,,,,,,,,,,,,,,,,,,,,,,,,,,,,,,,,,,,,,,,,,,,,,
Data from database: World Development Indicators,,,,,,,,,,,,,,,,,,,,,,,,,,,,,,,,,,,,,,,,,,,,,,,,,,,,,,,,,,,,,,,,
Last Updated: 02/15/2022,,,,,,,,,,,,,,,,,,,,,,,,,,,,,,,,,,,,,,,,,,,,,,,,,,,,,,,,,,,,,,,,
